{"extrinsics": {"R": [[-0.3773328907708078, -0.925296180985546, 0.03803770492694478], [-0.19960431884616892, 0.04115212346877478, -0.9790120625569266], [0.9043107902930841, -0.37700594184651043, -0.20022116364641135]], "T": [[-3.994451140654626, 1.8179028304870737, 1.5453516709078434]]}, "intrinsics_w_distortion": {"f": [[1099.357202539817, 1095.9928331046067]], "c": [[463.91428107320337, 449.60976378240906]], "k": [[-0.1993567639285392, 0.2029825051682613, 0.007529412456408863]], "p": [[0.0009623084843278265, 0.0002544892271914985]]}, "intrinsics_wo_distortion": {"c": [463.90618896484375, 449.61456298828125], "f": [1096.5904541015625, 1090.9776611328125]}}