{"extrinsics": {"R": [[-0.48725607375793806, 0.8732562121790864, 0.002259751453896595], [0.15402098986088686, 0.08848660588461589, -0.9840973809848766], [-0.8595691090705108, -0.47915937689839194, -0.17761542236549552]], "T": [[3.8537008610615717, 2.154083023695281, 1.4823178350505382]]}, "intrinsics_w_distortion": {"f": [[1035.438622426629, 1032.1661621851258]], "c": [[464.01439434027424, 446.9324636948939]], "k": [[-0.17888692818113575, 0.10010513638550171, 0.00434122771952093]], "p": [[-0.006414678135651644, 8.911290650112674e-05]]}, "intrinsics_wo_distortion": {"c": [463.9990234375, 446.7615966796875], "f": [1033.2215576171875, 1028.269775390625]}}