{"extrinsics": {"R": [[0.4224945643482815, 0.9063136022161848, -0.00969523254383638], [0.14705966168559959, -0.07910177589801366, -0.9859596162899865], [-0.8943555215914267, 0.4151368009315768, -0.16670224207017587]], "T": [[4.016845231753441, -1.590466632929502, 1.5399757716919764]]}, "intrinsics_w_distortion": {"f": [[1100.796088257201, 1096.4328342200513]], "c": [[469.0065525433846, 462.37319258834646]], "k": [[-0.20168187616807992, 0.017331656878005863, 0.0008577729009230836]], "p": [[-0.0002296645449409886, 0.0013232586783779214]]}, "intrinsics_wo_distortion": {"c": [469.0455627441406, 462.3299560546875], "f": [1097.5262451171875, 1091.111083984375]}}