{"extrinsics": {"R": [[-0.38379351948876006, -0.9225790631442284, 0.0393752034451705], [-0.19369941396063647, 0.03874056727071631, -0.9802957234828932], [0.9028748924572754, -0.38385809968719026, -0.19357140252320934]], "T": [[-4.011529868472009, 1.7900158446790668, 1.5476550334485333]]}, "intrinsics_w_distortion": {"f": [[1100.9487285503383, 1098.293854513704]], "c": [[478.48877579610746, 442.4736847971137]], "k": [[-0.19639395260434772, 0.09636528582393045, 0.004060862226303613]], "p": [[-0.002132770459194407, 0.004366729136668356]]}, "intrinsics_wo_distortion": {"c": [478.5773010253906, 442.50750732421875], "f": [1097.616455078125, 1091.6148681640625]}}