{"extrinsics": {"R": [[-0.39635451138821537, -0.9171677634000716, 0.041308535218759546], [-0.19829086657223238, 0.041586349178642776, -0.9792605923838787], [0.8964283761328856, -0.396325458861404, -0.19834892770583706]], "T": [[-3.9587310776943445, 1.9005249767756924, 1.5454475596759707]]}, "intrinsics_w_distortion": {"f": [[1098.6890403242166, 1094.2331058514083]], "c": [[464.778615441451, 447.4753087906588]], "k": [[-0.19013913907443236, 0.15098941452036715, 0.004855677948619337]], "p": [[-0.001093361054292986, 0.0011996053612487317]]}, "intrinsics_wo_distortion": {"c": [464.8117370605469, 447.51092529296875], "f": [1094.8736572265625, 1087.7049560546875]}}