{"extrinsics": {"R": [[-0.33239675569464944, -0.9423662426183453, 0.03818719126950236], [-0.20152640031786426, 0.031412685228703566, -0.9789792404242524], [0.9213574261808473, -0.33310525060422624, -0.20035315131362455]], "T": [[-4.075193837534113, 1.6340901606330251, 1.5554292588722127]]}, "intrinsics_w_distortion": {"f": [[1101.8231145562006, 1098.1086960291304]], "c": [[463.49741646105673, 447.7809992433384]], "k": [[-0.20120329924226377, 0.16300307074332931, 0.0059698572267976825]], "p": [[0.0021642944145323275, 0.002063586443949302]]}, "intrinsics_wo_distortion": {"c": [463.6203918457031, 447.9796142578125], "f": [1095.1796875, 1089.0711669921875]}}