{"extrinsics": {"R": [[0.4436364502594707, 0.8961516096909585, -0.00994949493592868], [0.13618306186585927, -0.07838146222095516, -0.987578108324068], [-0.8857995674316035, 0.43677069364645893, -0.1568135437695845]], "T": [[4.00044581281732, -1.6843667238793536, 1.554579543033186]]}, "intrinsics_w_distortion": {"f": [[1104.7968202456443, 1102.734088787566]], "c": [[470.52967999388784, 448.89933980833644]], "k": [[-0.18219904586335975, 0.12746495283844123, 0.005450050927027884]], "p": [[-0.00262633210642777, 0.0004616692906289222]]}, "intrinsics_wo_distortion": {"c": [470.5008544921875, 448.7569580078125], "f": [1099.3543701171875, 1096.43359375]}}