{"extrinsics": {"R": [[0.4512077935793025, -0.8923237257332332, 0.01303439706542591], [-0.14995991562684033, -0.09020978716170633, -0.9845680362501266], [0.8797292485296191, 0.44229013418094837, -0.17451614964727546]], "T": [[-4.152958325934464, -1.6380418396048462, 1.6031309718357294]]}, "intrinsics_w_distortion": {"f": [[1034.9961960890146, 1032.0231549325786]], "c": [[458.79285130888155, 457.81789283486364]], "k": [[-0.15991035181756064, 0.035815690218035066, 0.0008470537623833892]], "p": [[-0.0017470440079375023, -0.000581766594514457]]}, "intrinsics_wo_distortion": {"c": [458.8597717285156, 457.7417907714844], "f": [1029.86328125, 1027.2899169921875]}}