{"extrinsics": {"R": [[-0.4381596143840993, 0.8988963404382457, 0.0012334786202722325], [0.17789257498072308, 0.08805718023829529, -0.9801021195646953], [-0.881118825181658, -0.42922174007756136, -0.19849008477827082]], "T": [[3.9353580966076334, 1.9185038809895567, 1.4775935073599233]]}, "intrinsics_w_distortion": {"f": [[1031.5980504626589, 1026.75380458035]], "c": [[464.68665595946544, 468.4732350670437]], "k": [[-0.2284536028780994, 0.12445778208573775, 0.004320371308333456]], "p": [[-0.0012284134763244534, 0.003516420009367886]]}, "intrinsics_wo_distortion": {"c": [464.7366027832031, 468.5149230957031], "f": [1027.534423828125, 1020.01953125]}}