{"extrinsics": {"R": [[0.4999497606333862, -0.8659810989714756, 0.011268232637606125], [-0.1409508063804485, -0.09419772295436213, -0.9855250677536895], [0.8545075230934606, 0.4911247552449058, -0.16915486325349982]], "T": [[-4.0321431168924535, -1.8720083055787435, 1.6021295438171888]]}, "intrinsics_w_distortion": {"f": [[1033.8966202105635, 1031.514952510032]], "c": [[461.2447921389465, 450.6474106193872]], "k": [[-0.18711302039880087, 0.053477421840786084, 0.001905525748004784]], "p": [[0.0007753605943839696, 0.00020687419612399545]]}, "intrinsics_wo_distortion": {"c": [461.350830078125, 450.6788330078125], "f": [1027.5172119140625, 1025.33447265625]}}