{"extrinsics": {"R": [[0.4294964606059168, -0.9029639078142017, 0.013746690943493685], [-0.15197421512679554, -0.08727517192490987, -0.9845236829564192], [0.8901890969134505, 0.42076029464575576, -0.17471160861840915]], "T": [[-4.136528905771681, -1.6315965118609903, 1.5952902975442154]]}, "intrinsics_w_distortion": {"f": [[1032.4413991808076, 1029.098988406538]], "c": [[472.5830344634462, 458.3908079128173]], "k": [[-0.21283409594278285, 0.06887971557650427, 0.002857739673533791]], "p": [[0.0017155097640146335, 0.003938514004181703]]}, "intrinsics_wo_distortion": {"c": [472.6630859375, 458.4220886230469], "f": [1027.9119873046875, 1023.9248046875]}}