{"extrinsics": {"R": [[-0.429561244209443, 0.9030346298266789, 0.00236533444317439], [0.1747438815507218, 0.0856925092349071, -0.9808778566781965], [-0.8859693636541969, -0.42093378481041194, -0.19460995727700894]], "T": [[3.9141106458215917, 1.9441611611763001, 1.4606516935449518]]}, "intrinsics_w_distortion": {"f": [[1027.9723828602835, 1022.8387578253232]], "c": [[472.59136726803905, 467.615102320829]], "k": [[-0.20325525623105828, 0.000996266856593674, -0.00031645376449783127]], "p": [[-0.0027704967686371412, 0.003610428110710241]]}, "intrinsics_wo_distortion": {"c": [472.6300964355469, 467.6166687011719], "f": [1024.9219970703125, 1015.3445434570312]}}