{"extrinsics": {"R": [[0.45331275793684567, -0.8912948121705677, 0.010054913700429576], [-0.14300966794435951, -0.08385988689419725, -0.9861621338525103], [0.8798043977874483, 0.44560192680005856, -0.1654785317373237]], "T": [[-4.1169889357861145, -1.7157471426895938, 1.5909451424789902]]}, "intrinsics_w_distortion": {"f": [[1033.6228479856254, 1032.4650593134825]], "c": [[463.43777927820213, 450.3376439511192]], "k": [[-0.16997698907641903, 0.049075620650322165, 0.0023426508219884365]], "p": [[-0.006186903532209215, 0.0013010175014713417]]}, "intrinsics_wo_distortion": {"c": [463.4458923339844, 450.18603515625], "f": [1031.2791748046875, 1026.816162109375]}}