{"extrinsics": {"R": [[-0.3921958715971337, -0.919009619263269, 0.0400464480790218], [-0.20625911117817497, 0.04543030066246432, -0.9774422063926375], [0.8964594677720537, -0.39160874285860786, -0.20737168359866992]], "T": [[-3.9675876235640826, 1.8605340915983362, 1.5401214112499604]]}, "intrinsics_w_distortion": {"f": [[1098.0558681607044, 1093.3140961998574]], "c": [[469.0674479175988, 458.3095665993374]], "k": [[-0.22184136308299687, 0.07342401006576282, 0.0023029769284102]], "p": [[0.005157630270067095, 0.0024311128878563627]]}, "intrinsics_wo_distortion": {"c": [469.1175231933594, 458.5352783203125], "f": [1094.6094970703125, 1086.6951904296875]}}