{"extrinsics": {"R": [[-0.4107738814040913, 0.9117345748082237, -0.0022098541773021307], [0.16783928148872723, 0.07323568588879273, -0.9830902857325698], [-0.8961555634740909, -0.40419871277833813, -0.18310818289407274]], "T": [[4.023035773525741, 1.7889434775566162, 1.463378793571764]]}, "intrinsics_w_distortion": {"f": [[1034.7809995596397, 1031.8405431789877]], "c": [[448.40983384291314, 455.57214055155674]], "k": [[-0.190634140530613, 0.06862290396279783, 0.0029449201666035167]], "p": [[-0.0033639258839856267, -0.001348903667815973]]}, "intrinsics_wo_distortion": {"c": [448.3618469238281, 455.49560546875], "f": [1032.0206298828125, 1027.2274169921875]}}