{"extrinsics": {"R": [[-0.37193455814647225, -0.9273580640159907, 0.04088649607024245], [-0.19685362139770834, 0.035754111245476526, -0.9797807383653007], [0.90714570836167, -0.3724629708220128, -0.19585198280192176]], "T": [[-4.003571154707668, 1.7701317883446783, 1.5521876076802577]]}, "intrinsics_w_distortion": {"f": [[1097.7055619681175, 1093.4894802578203]], "c": [[470.14968667482157, 443.1324759822371]], "k": [[-0.1911074639943787, 0.06966311398239604, 0.0025201289673245962]], "p": [[-0.003254385967166504, 0.0024433640855686103]]}, "intrinsics_wo_distortion": {"c": [470.2666015625, 443.1602478027344], "f": [1090.037353515625, 1086.533935546875]}}