{"extrinsics": {"R": [[0.4201099269003122, 0.907420043065892, -0.009824192695032135], [0.14512301552901405, -0.07786654218275882, -0.9863448240713113], [-0.8957940386515083, 0.4129475354700587, -0.1644000403455689]], "T": [[4.031173665683843, -1.6299962502920018, 1.554700725470959]]}, "intrinsics_w_distortion": {"f": [[1105.5974302242284, 1103.8311966489332]], "c": [[459.0915992789373, 457.4523383489745]], "k": [[-0.18017838925867227, 0.10136239893326235, 0.004851587939969724]], "p": [[-0.002480913277314871, 0.0007808799800508061]]}, "intrinsics_wo_distortion": {"c": [459.1083984375, 457.3693542480469], "f": [1102.5185546875, 1099.21484375]}}