{"extrinsics": {"R": [[-0.41319341809519, 0.9106430454884119, -0.0006655421876309314], [0.16168558275349731, 0.0726436287187591, -0.9841649635788875], [-0.8961746322968952, -0.40675809384714284, -0.17725372074335544]], "T": [[3.9977505677084646, 1.8366027591144976, 1.466390041233991]]}, "intrinsics_w_distortion": {"f": [[1032.481627463045, 1029.6911233212886]], "c": [[467.33589889589706, 449.7627640560915]], "k": [[-0.1769009377860351, 0.08298148262453409, 0.002471078237274289]], "p": [[-0.003551794055344627, 0.002285204485940818]]}, "intrinsics_wo_distortion": {"c": [467.35504150390625, 449.7005615234375], "f": [1029.378662109375, 1024.51611328125]}}