{"extrinsics": {"R": [[0.45815126534559597, -0.888793308064113, 0.011994732288791863], [-0.14705966657776925, -0.08910019808604605, -0.985106394846294], [0.8766247044934705, 0.4495637999677886, -0.17152701603612627]], "T": [[-4.113893494596221, -1.6802441813886824, 1.5909735533461433]]}, "intrinsics_w_distortion": {"f": [[1031.2085388849382, 1028.0159794827223]], "c": [[459.242354552927, 456.1581323366254]], "k": [[-0.1951062677721272, 0.16863154467038832, 0.007590484856561898]], "p": [[0.00039690234954908437, 1.4564902602873819e-05]]}, "intrinsics_wo_distortion": {"c": [459.2550048828125, 456.1320495605469], "f": [1027.253662109375, 1022.6389770507812]}}