{"extrinsics": {"R": [[0.4221781553656637, 0.9064396828152267, -0.011519832892752466], [0.13892277795342728, -0.07725117047409513, -0.9872855303437224], [-0.8958047035474576, 0.41521001683270325, -0.15853887543450668]], "T": [[4.017768523109429, -1.6461655556302368, 1.5518161201518759]]}, "intrinsics_w_distortion": {"f": [[1104.7219983346042, 1103.026486495912]], "c": [[455.3329922145851, 451.4754785449757]], "k": [[-0.18927874421312346, 0.16441531207762652, 0.007139721076073643]], "p": [[-0.0035403054183782917, -0.0021170193331056064]]}, "intrinsics_wo_distortion": {"c": [455.25189208984375, 451.4181213378906], "f": [1099.4488525390625, 1096.201171875]}}