{"extrinsics": {"R": [[0.45414420604503153, 0.8908582579619484, -0.011162631263755024], [0.15817811577839427, -0.09295398661607363, -0.9830255541240908], [-0.8767740437561579, 0.4446696758192326, -0.18312879512052094]], "T": [[3.9539690024513314, -1.7620202317098717, 1.5427235597964069]]}, "intrinsics_w_distortion": {"f": [[1103.365995622004, 1101.0722781488394]], "c": [[462.96558483199533, 448.8774288411375]], "k": [[-0.19024752999557953, 0.06204260186170766, 0.002965383561197237]], "p": [[-0.0017301679774604656, -0.00016269470585578236]]}, "intrinsics_wo_distortion": {"c": [462.9726867675781, 448.8016662597656], "f": [1100.5364990234375, 1096.2115478515625]}}