{"extrinsics": {"R": [[0.38335646046117283, 0.9235359490864682, -0.010916728797482081], [0.13268295186324477, -0.06676567303201067, -0.9889072652121829], [-0.9140202724817087, 0.37765552511454026, -0.14813252797047552]], "T": [[4.086554878406053, -1.4422745200869256, 1.5420494433064695]]}, "intrinsics_w_distortion": {"f": [[1099.792297001664, 1096.6764347841663]], "c": [[461.43683547731274, 441.790963615853]], "k": [[-0.17414236345976083, -0.05504993266882595, -0.0024645568813435183]], "p": [[-0.0024710241226390582, 0.0006303717815666629]]}, "intrinsics_wo_distortion": {"c": [461.4279479980469, 441.6916198730469], "f": [1093.0521240234375, 1090.2572021484375]}}