{"extrinsics": {"R": [[-0.31689203109750413, -0.9477875538657834, 0.03575183021906694], [-0.20736194444178127, 0.032450158117538146, -0.9777259387146636], [0.9255163232618979, -0.31724712760758184, -0.2068182666026302]], "T": [[-4.077290099629972, 1.5753915405304102, 1.543257567177726]]}, "intrinsics_w_distortion": {"f": [[1097.6123492041322, 1092.7130841865114]], "c": [[458.9813908049733, 456.485872459036]], "k": [[-0.2296847370031595, 0.07499551747910194, 0.0025302382186963342]], "p": [[0.005054796801531772, 0.001691830929296947]]}, "intrinsics_wo_distortion": {"c": [458.9952392578125, 456.553466796875], "f": [1094.658935546875, 1088.22998046875]}}