{"extrinsics": {"R": [[0.44890200517870565, 0.8934942730038055, -0.012448849582933892], [0.13434769047959508, -0.08125781724258198, -0.987597015588732], [-0.8834238438084724, 0.4416618064156922, -0.15651568913144595]], "T": [[3.9814454406856075, -1.7168959455242334, 1.5538663178059209]]}, "intrinsics_w_distortion": {"f": [[1104.6219503022721, 1101.6371116339037]], "c": [[467.1924275870749, 448.39266323604005]], "k": [[-0.1834803788600663, 0.06952699004643421, 0.0030036820816879335]], "p": [[-0.002611727182669908, 0.0006410819444568484]]}, "intrinsics_wo_distortion": {"c": [467.2509460449219, 448.13037109375], "f": [1096.5267333984375, 1093.5068359375]}}