{"extrinsics": {"R": [[-0.3969721800001017, 0.9178178420389373, 0.004847384960489744], [0.16788414845246816, 0.07780303673063113, -0.9827317030471143], [-0.9023458322640807, -0.38930334741751244, -0.18497270794677553]], "T": [[3.9590888476646175, 1.8686371316752166, 1.4662718501850533]]}, "intrinsics_w_distortion": {"f": [[1030.2665614208936, 1025.0193223833742]], "c": [[486.87888155621863, 456.4357347675582]], "k": [[-0.21078369243633382, 0.07245791222895713, 0.0021732823857829125]], "p": [[-0.0012554477643419702, 0.004977383520551238]]}, "intrinsics_wo_distortion": {"c": [487.0445861816406, 456.58734130859375], "f": [1024.78076171875, 1014.8665771484375]}}