{"extrinsics": {"R": [[-0.4261036952262945, 0.9046695600568453, 0.002937349323972872], [0.1691845663242162, 0.0828754771515539, -0.9820938029560053], [-0.8887138028815486, -0.41797684432687915, -0.1883696742428563]], "T": [[3.9558115470067414, 1.9072601145261203, 1.4733091495836574]]}, "intrinsics_w_distortion": {"f": [[1031.9398914356673, 1028.3897546749654]], "c": [[473.5890275039549, 459.3118688796745]], "k": [[-0.18348987162583047, 0.08858613799198352, 0.0036639743411362347]], "p": [[-0.003589079412905934, 0.003088064132699113]]}, "intrinsics_wo_distortion": {"c": [473.6606140136719, 459.3360595703125], "f": [1027.705322265625, 1021.3119506835938]}}