{"extrinsics": {"R": [[-0.458866846330765, 0.8885003750868004, 0.002881112471444765], [0.15795120267122098, 0.08476418995008086, -0.9838020378494962], [-0.874352694805233, -0.4509790633418825, -0.17923517934296662]], "T": [[3.9023938502003386, 2.1214361844482563, 1.483635123887001]]}, "intrinsics_w_distortion": {"f": [[1039.0449764450655, 1035.02130376809]], "c": [[476.413887292801, 449.04604865431986]], "k": [[-0.14454553878306875, 0.11180164353405125, 0.0033597167521972676]], "p": [[-0.007187556829262186, 0.006179741855060241]]}, "intrinsics_wo_distortion": {"c": [476.5978698730469, 448.9710998535156], "f": [1034.9464111328125, 1030.5269775390625]}}