{"extrinsics": {"R": [[0.37940512219176603, 0.9252001987617579, -0.00750636169225715], [0.13780356866616544, -0.06452909559338273, -0.9883552864657373], [-0.9149108862165324, 0.3739526548015189, -0.15197855851854733]], "T": [[4.116600299880789, -1.3931641485054267, 1.5483526678384365]]}, "intrinsics_w_distortion": {"f": [[1104.6545077184753, 1102.2533819339312]], "c": [[470.8588311991851, 445.0160895471373]], "k": [[-0.18420619061738827, 0.08216042368573744, 0.005108191696597008]], "p": [[-0.00221388268886703, 0.0008312815494114068]]}, "intrinsics_wo_distortion": {"c": [470.8238220214844, 444.8984069824219], "f": [1100.017333984375, 1096.9781494140625]}}