{"extrinsics": {"R": [[0.5096280542364854, -0.8603613900207295, 0.0075845169082966075], [-0.14002624777580996, -0.09163459514056167, -0.9858984485773638], [0.8489239637735299, 0.5013794765793906, -0.16717273759801546]], "T": [[-4.00614611985725, -1.9232459626313274, 1.5921838364502112]]}, "intrinsics_w_distortion": {"f": [[1032.1199368572713, 1029.8637877938331]], "c": [[452.7098713284563, 451.5691411423969]], "k": [[-0.16998351282576352, -0.02717186680134543, -0.00018804568442770867]], "p": [[-0.0003663432024071677, 1.0462076435316544e-05]]}, "intrinsics_wo_distortion": {"c": [452.7840881347656, 451.4958801269531], "f": [1026.869384765625, 1024.724365234375]}}