{"extrinsics": {"R": [[0.43186992743555475, -0.9017913203844171, 0.016148692087537258], [-0.15772381221393997, -0.09313867067481806, -0.9830810684199088], [0.8880380424494834, 0.42201611640345826, -0.1824577558182505]], "T": [[-4.153218682307572, -1.595476270049296, 1.6035490128926067]]}, "intrinsics_w_distortion": {"f": [[1032.8363997126928, 1029.107688287808]], "c": [[469.355016091325, 464.75544413398836]], "k": [[-0.1925488577381118, 0.06876217291651533, 0.0021078931048617694]], "p": [[0.001548025698560027, 0.0022317287430835037]]}, "intrinsics_wo_distortion": {"c": [469.3863830566406, 464.811767578125], "f": [1028.3453369140625, 1022.9310913085938]}}