{"extrinsics": {"R": [[-0.3913809874641664, -0.9193538322040674, 0.040117999243101235], [-0.20998565317491943, 0.04677825181799047, -0.9765847739021714], [0.8959503044880762, -0.390640917427435, -0.21135923334260892]], "T": [[-3.953524953472486, 1.8531778550373246, 1.53464588170501]]}, "intrinsics_w_distortion": {"f": [[1094.3535615571163, 1089.8658638137606]], "c": [[469.5906930349493, 463.2756803029457]], "k": [[-0.24363978667666975, -0.026198811176330987, -0.0010892971417108645]], "p": [[0.008996234301293218, 0.00286432047715704]]}, "intrinsics_wo_distortion": {"c": [469.6565246582031, 463.5621643066406], "f": [1088.5611572265625, 1081.1396484375]}}