{"extrinsics": {"R": [[-0.42588092732211213, 0.9047791098153285, -0.0004451797834531833], [0.1703367165068467, 0.07969450349644569, -0.982157924736201], [-0.8886004944590814, -0.4183581582259832, -0.1880574717814723]], "T": [[3.9685848057762025, 1.8585091412501278, 1.4726989361347325]]}, "intrinsics_w_distortion": {"f": [[1030.3444332710194, 1026.8689441764752]], "c": [[461.07690003727345, 458.9993086914089]], "k": [[-0.1890273625557935, 0.005233233019079008, 0.0006449181633455266]], "p": [[-0.004014440102465246, 0.0016338927312134458]]}, "intrinsics_wo_distortion": {"c": [461.10626220703125, 459.0719909667969], "f": [1027.076904296875, 1021.136962890625]}}