{"extrinsics": {"R": [[0.43522010628151975, 0.9002413136215771, -0.012208043954704931], [0.1355454294399488, -0.0789222147710453, -0.9876227622799978], [-0.8900622987444433, 0.4281785390050864, -0.15637213015504756]], "T": [[3.9895624695648624, -1.6907124702312155, 1.552104179971547]]}, "intrinsics_w_distortion": {"f": [[1103.6997851039914, 1102.2156017542834]], "c": [[457.89696552991876, 448.59204936959526]], "k": [[-0.1901753144043838, 0.07694363703704431, 0.003190097839399962]], "p": [[-0.0034945537522453308, -0.0013495941260107903]]}, "intrinsics_wo_distortion": {"c": [457.8852233886719, 448.4526672363281], "f": [1100.5291748046875, 1097.3873291015625]}}