{"extrinsics": {"R": [[0.4747621753703612, -0.8800583727574813, 0.009906431095830202], [-0.15057688197297575, -0.09231080970837728, -0.9842790849277863], [0.8671375204965467, 0.4658068000259741, -0.17634212655138104]], "T": [[-4.099926628991123, -1.7299793751424952, 1.6083376365273425]]}, "intrinsics_w_distortion": {"f": [[1034.409702166508, 1031.5466419024913]], "c": [[454.3035217550797, 456.92552961390203]], "k": [[-0.1875779468017548, 0.024774796945767456, 0.0011415374456006204]], "p": [[-0.0011112467335177493, -0.0005719910524574001]]}, "intrinsics_wo_distortion": {"c": [454.16314697265625, 456.7509460449219], "f": [1023.612060546875, 1022.078857421875]}}